000;baseline; 
001;Windows.h;#include <Windows.h>
002;Windows.h_lean;#define WIN32_LEAN_AND_MEAN,#include <Windows.h>
003;ALL_STL;#include <__msvc_all_public_headers.hpp>
004;bit;#include <bit>
005;compare;#include <compare>
006;concepts;#include <concepts>
007;coroutine;#include <coroutine>
008;initializer_list;#include <initializer_list>
009;limits;#include <limits>
010;numbers;#include <numbers>
011;ratio;#include <ratio>
012;source_location;#include <source_location>
013;stdfloat;#include <stdfloat>
014;tuple;#include <tuple>
015;type_traits;#include <type_traits>
016;utility;#include <utility>
017;version;#include <version>
018;cassert;#include <cassert>
019;cctype;#include <cctype>
020;cerrno;#include <cerrno>
021;cfenv;#include <cfenv>
022;cfloat;#include <cfloat>
023;cinttypes;#include <cinttypes>
024;climits;#include <climits>
025;clocale;#include <clocale>
026;csetjmp;#include <csetjmp>
027;csignal;#include <csignal>
028;cstdarg;#include <cstdarg>
029;cstddef;#include <cstddef>
030;cstdint;#include <cstdint>
031;cstdio;#include <cstdio>
032;cstdlib;#include <cstdlib>
033;cstring;#include <cstring>
034;ctime;#include <ctime>
035;cuchar;#include <cuchar>
036;cwchar;#include <cwchar>
037;cwctype;#include <cwctype>
038;algorithm;#include <algorithm>
039;any;#include <any>
040;array;#include <array>
041;bitset;#include <bitset>
042;charconv;#include <charconv>
043;chrono;#include <chrono>
044;codecvt;#include <codecvt>
045;complex;#include <complex>
046;deque;#include <deque>
047;exception;#include <exception>
048;expected;#include <expected>
049;filesystem;#include <filesystem>
050;format;#include <format>
051;forward_list;#include <forward_list>
052;fstream;#include <fstream>
053;functional;#include <functional>
054;hash_map;#define _SILENCE_STDEXT_HASH_DEPRECATION_WARNINGS,#include <hash_map>
055;hash_set;#define _SILENCE_STDEXT_HASH_DEPRECATION_WARNINGS,#include <hash_set>
056;iomanip;#include <iomanip>
057;ios;#include <ios>
058;iosfwd;#include <iosfwd>
059;iostream;#include <iostream>
060;istream;#include <istream>
061;iterator;#include <iterator>
062;list;#include <list>
063;locale;#include <locale>
064;map;#include <map>
065;mdspan;#include <mdspan>
066;memory;#include <memory>
067;memory_resource;#include <memory_resource>
068;new;#include <new>
069;numeric;#include <numeric>
070;optional;#include <optional>
071;ostream;#include <ostream>
072;print;#include <print>
073;queue;#include <queue>
074;random;#include <random>
075;ranges;#include <ranges>
076;regex;#include <regex>
077;scoped_allocator;#include <scoped_allocator>
078;set;#include <set>
079;span;#include <span>
080;spanstream;#include <spanstream>
081;sstream;#include <sstream>
082;stack;#include <stack>
083;stacktrace;#include <stacktrace>
084;stdexcept;#include <stdexcept>
085;streambuf;#include <streambuf>
086;string;#include <string>
087;string_view;#include <string_view>
088;strstream;#include <strstream>
089;syncstream;#include <syncstream>
090;system_error;#include <system_error>
091;typeindex;#include <typeindex>
092;typeinfo;#include <typeinfo>
093;unordered_map;#include <unordered_map>
094;unordered_set;#include <unordered_set>
095;valarray;#include <valarray>
096;variant;#include <variant>
097;vector;#include <vector>
098;__msvc_cxx_stdatomic.hpp;#include <__msvc_cxx_stdatomic.hpp>
099;atomic;#include <atomic>
100;barrier;#include <barrier>
101;condition_variable;#include <condition_variable>
102;execution;#include <execution>
103;future;#include <future>
104;latch;#include <latch>
105;mutex;#include <mutex>
106;semaphore;#include <semaphore>
107;shared_mutex;#include <shared_mutex>
108;stop_token;#include <stop_token>
109;thread;#include <thread>
110;ccomplex;#include <ccomplex>
111;ciso646;#include <ciso646>
112;cmath;#include <cmath>
113;cstdalign;#include <cstdalign>
114;cstdbool;#include <cstdbool>
115;ctgmath;#include <ctgmath>
116;experimental_filesystem;#define _SILENCE_EXPERIMENTAL_FILESYSTEM_DEPRECATION_WARNING,#include <experimental/filesystem>
117;assert.h;#include <assert.h>
118;conio.h;#include <conio.h>
119;crtdbg.h;#include <crtdbg.h>
120;ctype.h;#include <ctype.h>
121;direct.h;#include <direct.h>
122;dos.h;#include <dos.h>
123;errno.h;#include <errno.h>
124;excpt.h;#include <excpt.h>
125;fcntl.h;#include <fcntl.h>
126;fenv.h;#include <fenv.h>
127;float.h;#include <float.h>
128;intrin.h;#include <intrin.h>
129;inttypes.h;#include <inttypes.h>
130;io.h;#include <io.h>
131;iso646.h;#include <iso646.h>
132;limits.h;#include <limits.h>
133;locale.h;#include <locale.h>
134;malloc.h;#include <malloc.h>
135;math.h;#include <math.h>
136;mbstring.h;#include <mbstring.h>
137;memory.h;#include <memory.h>
138;minmax.h;#include <minmax.h>
139;process.h;#include <process.h>
140;safeint.h;#include <safeint.h>
141;sal.h;#include <sal.h>
142;search.h;#include <search.h>
143;setjmp.h;#include <setjmp.h>
144;share.h;#include <share.h>
145;signal.h;#include <signal.h>
146;stdarg.h;#include <stdarg.h>
147;stdbool.h;#include <stdbool.h>
148;stddef.h;#include <stddef.h>
149;stdint.h;#include <stdint.h>
150;stdio.h;#include <stdio.h>
151;stdlib.h;#include <stdlib.h>
152;string.h;#include <string.h>
153;sys_locking.h;#include <sys/locking.h>
154;sys_stat.h;#include <sys/stat.h>
155;sys_timeb.h;#include <sys/timeb.h>
156;sys_types.h;#include <sys/types.h>
157;sys_utime.h;#include <sys/utime.h>
158;tchar.h;#include <tchar.h>
159;time.h;#include <time.h>
160;uchar.h;#include <uchar.h>
161;wchar.h;#include <wchar.h>
162;wctype.h;#include <wctype.h>
163;complex.h;#include <complex.h>
164;new.h;#include <new.h>
165;fpieee.h;#include <fpieee.h>
166;d3d9.h;#include <d3d9.h>
167;d3d10.h;#include <d3d10.h>
168;d3d10_1.h;#include <d3d10_1.h>
169;d3d11.h;#include <d3d11.h>
170;d3d11_1.h;#include <d3d11_1.h>
171;d3d11_2.h;#include <d3d11_2.h>
172;d3d11_3.h;#include <d3d11_3.h>
173;d3d11_4.h;#include <d3d11_4.h>
174;d3d12.h;#include <d3d12.h>